LSOA code,Anti-social behaviour,Bicycle theft,Burglary,Criminal damage and arson,Drugs,Other crime,Other theft,Possession of weapons,Public order,Robbery,Shoplifting,Theft from the person,Vehicle crime,Violence and sexual offences,Total
E01006412,,,,1,2,,,,6,,,,1,7,17
E01006413,1,,1,2,2,,,1,4,,,,,11,22
E01006414,,,2,,1,1,,,1,,,,,7,12
E01006415,1,,,,2,1,1,,1,,,,,8,14
E01006416,1,,,,1,1,1,1,2,,,,,8,15
E01006417,1,,,,7,2,1,,2,,,,,10,23
E01006418,,,,,3,1,1,,4,,,,2,19,30
E01006419,,,,,,,,,1,,,,,1,2
E01006420,4,,,3,,,,,4,,,,,4,15
E01006421,1,,,,,,,,,,,,,,1
E01006422,1,,1,3,,,,,,,,,,2,7
E01006423,1,,,,,,,,1,,,,,1,3
E01006424,,,,,,,3,,2,,,,,7,12
E01006425,2,,,,1,,,,1,,,,,2,6
E01006426,3,,,,,,,,3,,1,1,,13,21
E01006427,1,,,,,,2,,2,,,,,6,11
E01006428,3,,1,,2,,2,,1,,,,,6,15
E01006429,,,,1,3,,,,1,,,,,4,9
E01006430,1,,,1,,1,,,2,,,,,5,10
E01006431,15,,1,,1,,,,6,,,,,6,29
E01006432,1,,,,,,1,,2,,,,,9,13
E01006433,3,,,1,1,,3,,1,,,,,7,16
E01006434,,,,,2,,,,1,,,,,6,9
E01006435,,,,,,,,,1,,,,2,2,5
E01006436,,2,,2,9,1,2,,2,,,,1,14,33
E01006437,8,1,,3,7,2,6,1,18,2,17,1,1,11,78
E01006438,1,,,,,,2,,1,,,,,1,5
E01006439,1,,,2,1,1,,,1,,1,,,8,15
E01006440,1,,,2,1,1,4,,2,,,,,1,12
E01006441,3,1,1,3,2,1,1,,4,,,,,11,27
E01006442,1,,1,3,3,,,,2,,,1,,8,19
E01006443,,,,,1,,,,3,,,,,,4
E01006444,3,,1,4,2,1,,,3,,,,,7,21
E01006445,1,,,3,4,1,,,4,,1,,,7,21
E01006446,1,,,1,4,,8,1,4,1,,,1,9,30
E01006447,2,,1,3,6,1,,1,4,,,,,5,23
E01006448,,,,1,4,2,,,2,,,,,9,18
E01006449,3,,,,,,,,,,,,,6,9
E01006450,,,,,2,1,1,,1,,,1,,3,9
E01006451,,,,2,,,,,,,,,,2,4
E01006452,,,1,1,1,,3,,1,1,,,,8,16
E01006453,,,,1,,,3,,6,,,,,3,13
E01006454,,,,,,,,,1,,,,,5,6
E01006455,1,,,1,12,,1,,6,,,,,10,31
E01006456,1,,,,1,,,,,1,,,,4,7
E01006457,,,,,1,,,,,,,,,2,3
E01006458,,,,1,1,,,,3,,,,,8,13
E01006459,1,,,1,1,2,2,,2,,,,,11,20
E01006460,1,,1,5,3,1,,,1,,1,,,11,24
E01006461,4,,1,,,,,,1,,,,,5,11
E01006462,,,,,,,1,,1,,,,,4,6
E01006463,10,1,3,1,5,,4,2,30,1,15,,,19,91
E01006464,6,,1,1,5,,1,,9,,,,2,14,39
E01006465,,,,,1,,,,1,,,,,3,5
E01006466,,,,1,2,,,,,,,,,3,6
E01006467,3,,1,,1,,2,,3,1,,,,7,18
E01006470,,,,,4,,,1,2,,,,,1,8
E01006472,6,,,,,,,1,3,,,,,,10
E01006473,5,,,,,,1,,,,,,1,,7
E01006474,3,,1,2,1,,2,,4,,6,,,13,32
E01006475,,,,,,,1,,,,,,,6,7
E01006476,1,,,,,,,,,,,,,,1
E01006477,,,,4,2,,1,,5,,,,,5,17
E01006478,,1,,3,1,,,,2,,,,1,10,18
E01006479,2,,,1,1,,1,,2,,,,,7,14
E01006480,1,,,1,2,,,,5,,,,2,4,15
E01006481,1,,1,3,1,,4,,4,,7,,2,8,31
E01006482,,,,,1,,1,,5,,,,1,9,17
E01006483,,,2,1,,,1,,3,,,,,15,22
E01006484,2,,,,1,,,1,,1,,,,1,6
E01006485,,,,1,,,,,3,,,,,3,7
E01006486,,,,1,,1,,,,,,,,,2
E01006487,1,,,,,,,,1,,,,,1,3
E01006488,2,,,1,,,,,1,,,,,1,5
E01006489,2,,,,,,,,,,,,,,2
E01006490,2,,,2,2,,,,5,,1,,,10,22
E01006491,,,,,,,,,1,,,,1,1,3
E01006492,1,,,,,,,,,,,,,4,5
E01006493,2,,,,4,3,,,5,,1,,,8,23
E01006494,2,,2,,3,,1,,6,,1,,,8,23
E01006495,1,,,7,2,,2,,1,,,,,12,25
E01006496,,,1,,,,,,,,,,,5,6
E01006497,2,,,1,,,,,1,,,,,,4
E01006498,3,,,,,,,1,,,,,,2,6
E01006499,4,,,,,,2,,5,2,,,1,20,34
E01006500,2,,,,,,,,,,,,,1,3
E01006501,2,,,,1,,,,1,,,,,,4
E01006502,3,,1,2,1,1,1,1,3,,,,,5,18
E01006503,1,,,,,1,,,,,,,,,2
E01006504,1,,,,,,,,1,,,,,4,6
E01006505,5,,,1,,,1,,5,,,,,11,23
E01006506,,,,1,,,1,,2,,,,1,6,11
E01006507,,,,1,5,2,,,1,,,,,10,19
E01006508,,,2,,1,,1,,1,,,,1,5,11
E01006509,2,,,,1,1,2,,5,,,,,8,19
E01006510,4,1,,,1,1,5,,5,,5,,,1,23
E01006512,2,,,1,1,,4,,3,,2,2,,7,22
E01006513,7,3,3,2,8,1,7,1,19,2,5,8,3,29,98
E01006514,4,,,4,3,1,3,,7,,2,4,,17,45
E01006515,5,,1,1,2,2,2,,12,,,1,1,15,42
E01006518,,,,2,1,,2,,4,,,,1,10,20
E01006519,1,1,1,,2,,2,,1,,,1,,,9
E01006520,6,1,3,4,2,1,4,1,9,,,,1,16,48
E01006521,,1,1,2,,,1,,4,1,,,2,1,13
E01006522,2,1,2,1,2,,1,,5,,,,,14,28
E01006523,2,,,,,,,,2,,,,1,4,9
E01006524,1,,,1,,,,,,,,,,,2
E01006525,,,1,1,,,,,,,,,1,1,4
E01006526,2,,,1,1,,,,1,,,,,7,12
E01006527,,,1,,,,1,,1,,,,,1,4
E01006528,3,,3,2,1,,1,,1,,,,1,2,14
E01006529,,,,1,,,,,,,,,2,2,5
E01006530,,,,,,,,,,,,,,2,2
E01006531,1,,,,,,,,,,,,,1,2
E01006532,1,,,1,,,,,,,,,1,2,5
E01006533,10,,,1,,,,,2,,,,,12,25
E01006534,1,,3,,,,2,,1,,,,,3,10
E01006535,4,,,,,,1,,3,,,,4,7,19
E01006536,5,,,2,2,2,1,1,13,,,,,11,37
E01006537,9,,,3,1,,4,,4,,6,,1,10,38
E01006538,1,,,,,,4,,,,1,,1,2,9
E01006539,,,1,,,,,,,,,,,3,4
E01006540,4,,2,4,1,1,3,,10,,,,1,26,52
E01006541,,,2,2,,1,2,1,5,1,2,,4,3,23
E01006542,,,,1,1,2,2,1,4,,,,4,9,24
E01006543,1,,1,1,,,,,,,,,,2,5
E01006544,1,,1,1,,2,1,,2,,,,1,9,18
E01006545,1,,1,2,,,2,,2,,,,,11,19
E01006546,5,,3,6,2,,4,1,10,,1,,3,16,51
E01006547,4,,1,9,6,1,,,6,,,1,,19,47
E01006548,,,,,1,,1,,,,,,,8,10
E01006549,1,,,,,1,2,,5,,,,,16,25
E01006550,,,1,,,,1,,,,,,,2,4
E01006551,4,2,6,,,,4,,5,,,,1,2,24
E01006552,,,1,2,,,1,,2,,,,1,14,21
E01006553,1,1,1,1,1,1,,,2,,,,,4,12
E01006554,,,3,,2,1,,,3,,,,,6,15
E01006556,3,,2,7,4,1,1,,9,,,,,12,39
E01006557,,,,3,,,,,,,,,,10,13
E01006558,4,,1,1,,,2,1,4,1,,,1,4,19
E01006560,7,,,1,1,,2,,6,,,,1,15,33
E01006562,5,,1,3,2,,1,,6,,,,1,17,36
E01006563,11,,2,10,3,2,1,,22,2,4,,2,16,75
E01006564,3,,2,2,,1,2,,6,,,,,18,34
E01006565,2,,1,2,2,1,,,3,,1,,1,17,30
E01006566,,,1,2,1,,2,,2,,,,3,5,16
E01006567,4,,,1,1,1,1,,1,,1,,2,5,17
E01006568,1,,,,1,,,,,,,,1,6,9
E01006569,5,,,,1,,2,,4,,,,,2,14
E01006570,2,,1,,1,,,,1,,,,,4,9
E01006571,5,,,3,,,1,,8,,,1,2,4,24
E01006572,1,,,,,,,,2,,,,,4,7
E01006573,1,,1,1,1,,3,,2,,3,1,,6,19
E01006574,1,,,1,,1,,,2,,,,,3,8
E01006575,1,,,,,,1,1,1,,3,,1,,8
E01006576,3,,,3,1,,1,,,,,,3,1,12
E01006577,,,,,,,,,,,,,1,1,2
E01006578,,,,1,,3,,,,,2,,,1,7
E01006579,,,1,,,,2,1,3,,,,,7,14
E01006580,1,,,,,,,,2,,,,1,2,6
E01006581,,,,,,,,,1,,,,1,,2
E01006582,1,,,,,,,,,,,,,6,7
E01006583,,,,,,,,,1,,,,,1,2
E01006584,2,,,4,,,1,,2,,,,2,12,23
E01006585,,,1,2,1,,2,,1,,,,1,6,14
E01006586,1,,,3,,1,1,,3,1,,,,11,21
E01006587,2,,,,,,1,,,,,,,4,7
E01006588,2,,,2,,,1,1,1,,,1,2,5,15
E01006589,1,1,1,,,,,2,2,,,,,3,10
E01006590,,,,,,,,,,,,,,1,1
E01006591,1,,,1,,,,,1,,3,,1,2,9
E01006592,1,,,,1,,,,1,,,,2,1,6
E01006593,2,,,,,,1,,3,,1,1,,3,11
E01006594,2,,,,,,,,1,,,,,1,4
E01006595,,,1,1,,,,,2,,,,1,7,12
E01006596,,1,,,,,1,,4,,7,,,2,15
E01006597,,,,1,,,,,,,,,,2,3
E01006598,1,,,3,1,,,1,1,,,,1,10,18
E01006599,1,,,4,,,,,4,,,,,7,16
E01006600,,,,4,,,,,2,1,,,1,10,18
E01006603,2,,4,,3,1,1,1,6,,4,,1,5,28
E01006604,,,,1,1,,,,,,,,,11,13
E01006605,1,,,1,,,,,3,,1,,,9,15
E01006606,4,,1,,2,,1,1,1,,,,,9,19
E01006607,3,,,1,1,,,,1,1,,,2,6,15
E01006608,2,,2,1,2,,1,,2,,,,1,5,16
E01006609,1,,2,3,2,,,,3,,,,,5,16
E01006610,,,,,2,1,1,1,,,,1,,15,21
E01006611,,,2,7,,1,,1,,1,,,1,13,26
E01006612,1,,,3,,1,1,,10,,1,,1,6,24
E01006613,2,,1,2,1,1,,,3,,,,1,5,16
E01006614,2,,1,2,,,,,6,,,,,9,20
E01006615,3,,,6,2,,,,5,1,1,,,17,35
E01006616,1,,,1,2,,,,1,,,,1,9,15
E01006617,7,,,2,,,3,1,7,,1,,2,10,33
E01006618,2,,,1,5,,2,,2,,,,4,10,26
E01006619,1,,,,,,,,1,,3,,,3,8
E01006620,1,,,1,,,,,,,,,1,6,9
E01006621,1,,,,,,,,3,,2,,1,6,13
E01006622,3,,,1,1,,1,,3,,,,1,12,22
E01006623,,,,,,,1,,1,,,,2,,4
E01006624,,,,1,3,,,,1,1,,,,7,13
E01006625,2,,,1,1,,,,1,,2,,2,3,12
E01006626,5,,,2,1,,,,1,,,,1,1,11
E01006627,8,,,1,,1,,,1,,,,,5,16
E01006628,,,,,,,,,2,,4,,1,3,10
E01006629,,,1,1,,,,,2,,,,,3,7
E01006630,1,,,2,3,,2,1,1,,,,,6,16
E01006632,3,,,3,,,1,,2,,,,,7,16
E01006633,2,1,,1,,,,2,3,,,,,8,17
E01006637,3,,,1,3,1,,,3,,1,1,,13,26
E01006638,,,,1,,,,,2,,,,,8,11
E01006639,,,,3,,,,,,,,,,6,9
E01006640,1,,1,,1,,,,3,,,,1,6,13
E01006641,,,,,,,1,,3,,,,1,4,9
E01006642,,,,1,,,1,,,,,,,4,6
E01006643,1,,1,3,3,2,2,,7,,,,,20,39
E01006644,2,,,3,5,3,1,1,2,,,,,15,32
E01006645,1,,,4,1,1,,,2,,,,1,8,18
E01006646,6,,1,2,3,,1,,4,,,1,,7,25
E01006647,2,,,1,1,,1,,5,,,,1,11,22
E01006648,8,1,,7,11,1,4,,16,,5,1,2,23,79
E01006651,,,,,1,1,,,,,,,,2,4
E01006652,,,,,1,1,,,3,,,,,9,14
E01006653,1,,,1,,2,,,1,,,,,10,15
E01006654,1,,,1,1,,,,5,,1,,1,15,25
E01006655,2,,1,1,2,,,,6,,,,,9,21
E01006656,1,,,,,,,,1,,,,1,4,7
E01006657,,,,,2,,1,,4,,1,,1,7,16
E01006658,5,,1,2,3,,,,,,,,,7,18
E01006659,,,1,2,1,3,3,1,5,,1,,2,25,44
E01006660,3,,1,5,4,,8,,1,1,1,,,24,48
E01006661,,,,1,7,1,1,1,4,,,,1,3,19
E01006662,13,2,,5,6,1,,,10,,1,,7,9,54
E01006663,1,,1,,4,,1,1,1,,2,,1,,12
E01006664,,,,1,3,,1,1,4,1,,,,12,23
E01006665,,,,,,,1,,1,,,,,4,6
E01006667,1,,,,2,,1,,1,,,,,5,10
E01006668,1,,,3,1,,,,,,,,,2,7
E01006669,,,,,,,,,1,,,,,,1
E01006670,3,,,5,,,1,,1,,,,,1,11
E01006671,,,,,,,,,1,,,,,1,2
E01006672,3,,,2,5,1,1,,5,,,,,5,22
E01006673,4,,2,8,2,,1,,4,,,,2,9,32
E01006674,2,,,3,2,,3,,6,1,,,3,13,33
E01006675,1,1,3,4,2,,2,,6,1,,1,1,12,34
E01006676,1,,,2,4,1,1,,2,,,,1,13,25
E01006677,,,,2,1,1,1,,2,,,,,6,13
E01006678,7,1,2,4,,,1,2,9,,4,,,8,38
E01006679,3,,2,4,3,,2,,7,1,1,,,22,45
E01006680,,,2,,,1,,,,,,,,,3
E01006681,,,,,,,2,,2,,,,,4,8
E01006682,,,,,,,,,,,,,,2,2
E01006684,5,,1,2,,,,,2,,,,1,4,15
E01006685,1,,1,1,,,,,1,,,,,9,13
E01006686,,,,,,,,,1,,,,1,2,4
E01006687,4,,2,3,,1,,,3,1,,,,7,21
E01006688,3,,2,,1,,1,,2,,2,,1,1,13
E01006689,,,,,,,1,,,,1,1,1,1,5
E01006690,6,1,1,3,2,2,1,,6,,5,,1,14,42
E01006691,1,1,1,2,2,1,1,,1,,,1,1,4,16
E01006692,1,,2,4,5,1,5,,7,,1,,1,16,43
E01006693,1,,1,1,2,,2,,2,,,,,7,16
E01006694,,,1,3,2,,1,1,9,,,1,1,7,26
E01006695,1,,1,6,3,1,2,,8,,,1,1,47,71
E01006696,3,,,5,2,1,1,1,4,1,,1,2,10,31
E01006697,1,1,4,,6,,2,1,7,,2,1,5,13,43
E01006698,,,1,4,3,,2,,2,,,,,11,23
E01006699,,,1,3,4,,2,1,,1,,,1,10,23
E01006700,3,,,2,,1,2,1,7,2,5,,2,16,41
E01006701,2,1,1,,2,,2,,4,,,1,,16,29
E01006702,1,,1,4,3,,3,,4,,,,,10,26
E01006703,1,,1,1,2,2,2,,7,,6,,,15,37
E01006705,2,,,3,3,1,1,,4,,,1,1,15,31
E01006706,,,1,2,,,,,1,,,,,5,9
E01006707,1,,,,,,,,5,,,,,8,14
E01006708,2,,,2,6,,,2,3,,,,1,4,20
E01006709,1,,,,,,,,,,,,,1,2
E01006710,1,,,,,,1,,2,,,,,3,7
E01006711,1,,,1,3,1,,,2,,,,,3,11
E01006712,1,,1,2,,,,,1,,,,,5,10
E01006713,,,,,2,,,,,,,,2,3,7
E01006716,,,,1,1,,3,,10,,2,,1,9,27
E01006717,,,,,2,,3,,7,,,,,8,20
E01006718,2,,,,1,,,1,4,,,,,3,11
E01006719,1,,,,,,,,2,,,,,5,8
E01006720,2,,1,6,1,,2,,7,,,,,16,35
E01006721,4,1,,5,,,2,,10,,,,1,23,46
E01006722,1,,7,1,,,,,,,2,1,,9,21
E01006723,3,,,1,,,1,,3,,5,,,1,14
E01006724,1,,,,,,1,,2,,,,,,4
E01006725,,,1,1,,,,,1,,,,,4,7
E01006726,1,,2,,,1,,,2,,,1,,9,16
E01006727,,,,,2,,1,,3,,,,1,4,11
E01006728,2,,,1,,,1,,,,,,,9,13
E01006729,1,,1,,,1,,,2,,,,1,12,18
E01006730,1,,1,2,1,2,,,3,,,,1,6,17
E01006731,3,,,2,,,,,2,,,,,10,17
E01006732,,,,3,,,,,3,,1,,,6,13
E01006734,2,,1,2,2,2,2,,,,,,,8,19
E01006735,,,,2,,,2,,2,,,,2,8,16
E01006736,,,,,4,,,,,,,,,2,6
E01006737,,,,2,,,1,,1,,,,,13,17
E01006738,3,,2,5,1,1,,,2,,,,,6,20
E01006739,2,1,1,1,,,6,,6,,9,,1,8,35
E01006740,6,,2,1,,,,,1,,,1,,7,18
E01006741,5,,,2,3,4,6,1,4,,1,,1,24,51
E01006742,,,,,,,,,1,,,,,1,2
E01006743,7,,,4,2,,3,,9,,5,,,17,47
E01006744,2,,,,1,,1,,1,,,,,4,9
E01006745,3,,,1,3,,,,4,1,,,,9,21
E01006746,4,,,6,5,,1,,5,2,,,1,16,40
E01006747,2,1,,3,,1,3,,8,,,1,,34,53
E01006748,3,,3,2,2,,1,,4,,,,3,10,28
E01006751,,,,1,8,1,,,2,,,,2,7,21
E01006752,,,,,1,,,,1,,,,,5,7
E01006753,,,,,2,,,,,,,,,2,4
E01006754,1,,,2,3,1,1,1,7,,2,,1,13,32
E01006755,1,1,1,2,2,1,8,,1,,,,,12,29
E01006756,1,,,1,2,,1,,,,,,1,5,11
E01006757,1,1,,1,,,1,,1,,,,1,1,7
E01006758,1,,,1,3,,,,,,,,,2,7
E01006759,2,1,1,1,4,1,3,1,3,2,,,1,15,35
E01006760,3,,4,2,9,2,2,1,6,1,,,3,19,52
E01006761,2,1,,4,3,,1,1,6,,,,2,13,33
E01006762,2,,2,5,,,2,,2,,,,4,6,23
E01006763,,,,1,1,,,,2,,,,1,4,9
E01006764,1,,,2,,2,1,,1,,,,,8,15
E01006765,,,,,1,,1,,1,,1,,4,3,11
E01006766,5,1,3,2,5,,1,1,7,1,1,,1,19,47
E01006767,1,,,5,1,2,,,,,,,5,10,24
E01006768,,,,2,,,1,,1,,,,,11,15
E01006769,1,,1,1,,,,,3,,,,,8,14
E01006770,,,,1,1,,,,1,,,,1,4,8
E01006771,6,,2,2,,,5,,10,,7,,,13,45
E01006772,,,,,,,,,,,,,,2,2
E01006773,,,2,,,,,,,,,,1,2,5
E01006774,,,,,,,,,1,,,1,,1,3
E01006775,,,,1,,,2,,2,,,,,5,10
E01006776,3,,2,5,3,,2,,3,,,1,1,5,25
E01006778,2,,2,2,3,1,5,1,3,,,,4,15,38
E01006779,6,,,1,1,1,1,1,4,,,,1,8,24
E01006780,1,,,,,2,,,1,,,1,,6,11
E01006781,1,,,1,,,1,,1,,,,,4,8
E01006782,3,,,,1,,2,,1,1,1,,,7,16
E01006783,4,,2,1,,,,2,4,,2,,1,7,23
E01006784,,,,,,,,,1,,,,,4,5
E01006785,4,,,3,,2,,,2,,,,3,8,22
E01006786,1,,,4,1,7,2,,2,,,,1,10,28
E01006787,1,,,1,2,,1,,2,,,,,6,13
E01006788,2,,,,,,,,2,1,,,,5,10
E01006790,3,,1,8,5,1,4,2,10,1,1,,1,28,65
E01006791,1,,1,5,3,1,7,,9,,8,,3,22,60
E01006792,1,,,,,,,,2,,,,1,1,5
E01006793,1,,,,,,,,,,,1,,4,6
E01006794,4,,,,,,,,2,,,,2,6,14
E01006795,14,,,2,,,,,9,,,,,7,32
E01006796,1,,,,,,,,1,,,,1,1,4
E01006797,1,,1,,1,,1,,1,,1,,,6,12
E01006798,3,,,2,,,,,4,,,,1,2,12
E01006799,1,,,2,,,,,2,,,1,1,6,13
E01006800,,,,,,,,,1,,,,1,3,5
E01006801,,,,,,,,,,,,,2,2,4
E01006802,1,,,1,,,1,,1,,,,,5,9
E01006803,1,,,,,,,,1,,,,,3,5
E01006804,,1,,,,,,,,,1,,,3,5
E01006805,2,,,1,,,,,3,,,,,5,11
E01006806,1,,,,,,,,,,,,,1,2
E01006807,,,,,,,,,1,,,,,,1
E01006808,,,,,1,,,,,,,,,,1
E01006809,,,,2,1,,,,1,,,,,4,8
E01006810,,,,,,,,,,,,,3,4,7
E01006811,,,,1,,,,,1,,,,1,6,9
E01006812,,,,3,1,1,1,,2,,2,,,10,20
E01006813,2,,,,,2,,,,,,,,4,8
E01006814,1,,,,1,,,,,,,,1,1,4
E01006815,,1,2,2,,1,2,1,3,,1,,,3,16
E01006816,1,,,3,3,,,,4,1,4,,,19,35
E01006817,3,,,2,,,,,5,,,,1,12,23
E01006818,3,,,,,,,,,,,,,4,7
E01006819,1,,,,,2,,,2,,,,2,3,10
E01006820,6,,,1,,,,,,,,,,13,20
E01006821,,,,1,1,,,,1,,,,,11,14
E01006822,2,,,1,,,,,,,,,1,2,6
E01006823,2,,,,,,,,1,,,,,,3
E01006824,2,,,,,,,,,,,,,3,5
E01006825,,,,,2,3,,1,1,,,,1,3,11
E01006826,2,,,2,,,,,1,1,,,,5,11
E01006827,2,,,,1,1,1,,1,,,,,2,8
E01006828,,,1,1,,,,,2,,,,1,3,8
E01006829,2,,,2,,,2,,2,,,,,2,10
E01006830,,,1,,,,,,,,,,,8,9
E01006831,2,,,1,,,1,,3,,,,,13,20
E01006832,5,1,1,1,,2,4,,11,,8,,1,21,55
E01006833,,,,1,1,,,,,,,,2,8,12
E01006834,4,,1,4,3,1,2,,10,1,5,,,16,47
E01006835,1,,1,3,,1,,,5,,,,1,5,17
E01006836,1,,,,1,,5,,2,1,,,5,5,20
E01006837,4,2,,,,,,,1,,,,1,5,13
E01006838,8,,,1,,1,,,,,,,,3,13
E01006839,2,,,,,,1,,1,,,,1,7,12
E01006840,,,3,3,,1,2,,6,,,,6,2,23
E01006841,1,,,,,,1,,3,,,,,4,9
E01006842,2,,,4,,1,,,7,,,,,10,24
E01006843,1,,1,,,,,,1,,,1,1,5,10
E01006844,1,,,2,,1,,1,3,,1,,1,16,26
E01006845,,1,1,2,1,,6,,7,,1,,1,9,29
E01006846,,,,,,,,,1,,1,,,3,5
E01006847,,,,1,,1,1,,1,,,,,12,16
E01006848,1,,1,2,,,1,,1,,,,,4,10
E01006849,2,,,2,,,,,4,,,,,2,10
E01006850,5,,1,4,,4,2,,2,,,,,18,36
E01006851,,,,,,2,,,,,,,,7,9
E01006852,1,,1,1,1,,,,1,,,,1,,6
E01006853,,,,1,,1,2,,1,,,,1,3,9
E01006854,,,1,,1,1,,,2,,,,1,4,10
E01006855,1,,,1,,,,,4,,,,1,,7
E01006856,,,,1,,,1,,,,,,1,,3
E01006857,,,2,,2,,,,2,,,,,7,13
E01006858,,,,2,,1,1,,1,,,,2,7,14
E01006859,,,,1,,,2,,2,,,,1,4,10
E01006860,,,,1,,,,,2,,,,1,4,8
E01006861,,,,,,1,,1,1,,,,,7,10
E01006862,2,,1,2,1,,,,2,1,,1,,14,24
E01006863,2,1,,1,2,,1,,4,,4,,,14,29
E01006864,,,,3,,,1,,2,,1,,,8,15
E01006865,2,,1,2,,,2,,1,,,,1,15,24
E01006866,,,1,2,,,1,,1,,,,1,5,11
E01006867,4,,1,,,1,,,2,,,,,1,9
E01006868,2,,,1,,3,,,1,,,,2,5,14
E01006869,,,,3,1,1,,,1,,,,2,8,16
E01006870,,,2,1,,,1,,2,,,,,8,14
E01006871,3,,1,6,3,,4,1,7,,,,,12,37
E01006872,10,1,4,6,8,2,2,,25,1,8,2,1,37,107
E01006873,4,,,1,2,,2,,14,,,,2,27,52
E01006874,6,,2,3,4,2,2,1,6,2,2,,2,17,49
E01006875,1,,1,1,,,,,7,,,,,19,29
E01006876,,,,2,2,,,,1,,,,,7,12
E01006877,4,1,5,10,6,2,1,,13,4,6,,1,29,82
E01006878,,,,,,,,,2,,,,,3,5
E01006879,1,,,2,,,1,1,,,,,,3,8
E01006880,2,,,1,1,,1,,1,,,,1,10,17
E01006881,7,,1,7,4,,,,9,,,,1,8,37
E01006882,1,,,,,,,,1,,,,,3,5
E01006883,2,,,,,,,,1,,2,,,1,6
E01006884,1,,,1,,,,,,,,,,7,9
E01006885,,,,2,2,,,,1,,,,2,6,13
E01006886,,,,,,1,,,1,,,,1,7,10
E01006887,1,,,2,1,,,,,,,,,4,8
E01006888,3,,,,,,,,2,,,,,3,8
E01006889,2,,1,1,,,2,,,,,,,4,10
E01006890,1,,,,,,,,,,,,,,1
E01006891,1,,,,,,2,,,,,,1,8,12
E01006892,,,,,,,,,1,,,,,1,2
E01006893,,,,,,,1,,1,,,,2,1,5
E01006894,1,,,1,,1,,,2,,,,1,13,19
E01006895,1,,,1,,,,,,,,,,6,8
E01006896,1,,,1,1,,,,2,,3,,3,4,15
E01006897,,,,,,,,,,,,,1,3,4
E01006898,6,1,1,3,,,,,5,,,,2,9,27
E01006899,3,,2,3,,,1,,2,,,,,5,16
E01006900,,,1,,,,1,,2,,,,1,6,11
E01006901,1,,,2,1,1,,,,,,,,,5
E01006903,8,,1,,,1,3,,2,,,,,11,26
E01006904,,,,1,1,,1,,1,1,,,,4,9
E01006905,1,,2,4,1,,1,,2,,,,,15,26
E01006906,,,,1,,,,,,,,,,4,5
E01006907,3,,,3,2,,1,1,1,,,,,6,17
E01006908,,,,,,1,,,1,,,,4,8,14
E01006909,1,,1,2,3,,1,,6,,,,,12,26
E01006910,4,,2,5,,1,,,6,,,,1,11,30
E01006911,,,,,,,,,,,,,,1,1
E01006912,8,1,,4,1,3,4,1,7,,5,1,6,20,61
E01006913,5,,2,6,,1,,,4,,,,2,21,41
E01006914,1,,,,1,,8,1,1,,,,,1,13
E01006915,1,,,1,,,1,,1,2,,,1,5,12
E01006916,2,,2,,3,,,,1,,,,,4,12
E01006917,,,,2,1,,,,,,,,,1,4
E01006918,1,,1,,1,,1,,,,,,1,5,10
E01006919,4,,,4,,1,2,,5,,,,2,19,37
E01006920,3,,,,,2,,,2,,,,,4,11
E01006921,,,,,,,1,,3,,,,,2,6
E01006922,,,1,4,,,1,,5,,,,,12,23
E01006923,,,,,,,1,,2,,,,3,1,7
E01006924,1,,2,,1,,1,,2,,,,,6,13
E01006925,1,,,,,,1,,6,,,,,6,14
E01006926,2,,,2,,1,,,2,,,,,5,12
E01006927,3,,,,1,,,,2,,,,,8,14
E01006928,,,,1,1,,1,,1,,3,,,3,10
E01006929,,,,1,,,,,1,,,,,1,3
E01006930,1,,,,,,,,,,,,,11,12
E01006931,,,,,,,,,,,,,,4,4
E01006932,,,,,2,,,,2,,,,,6,10
E01006933,4,,1,2,1,,1,,2,,,,,12,23
E01006934,1,,,,,,,,,,,,,1,2
E01006935,,,,,,1,,,1,,,,1,2,5
E01006936,4,,,1,1,,,,,,,,,4,10
E01006937,,,,,,,,,,1,,,,1,2
E01006938,5,,,1,,,,,,,,,,1,7
E01006939,,,2,,1,,1,,2,,1,,,4,11
E01006940,,,1,1,2,,,,1,,,,,3,8
E01006941,,,,1,,,,,2,,,,,7,10
E01006942,2,,,1,,,2,,2,,,,,5,12
E01006943,,,,,,,,,,,,,,2,2
E01006944,3,,,1,1,,2,,2,,,,,8,17
E01006945,1,,1,1,1,1,1,1,3,,,,,8,18
E01006946,,,,1,,,,,,,,,,7,8
E01006947,,,,,1,,,,,,,1,,2,4
E01006948,1,,,,,,,,5,,,1,2,8,17
E01006949,1,,,1,1,,,,,,,,,,3
E01006950,,,1,1,2,,,,8,,1,1,1,11,26
E01006951,4,,2,1,,,,,2,,,,,2,11
E01006952,,,1,3,1,,1,1,,,,,1,18,26
E01006953,5,,,,,,1,,5,1,,,,14,26
E01006954,2,,2,,,,1,,,,,,,8,13
E01006955,,,,,,,,,,,,1,1,1,3
E01006956,3,,3,4,2,,4,1,3,,3,,,10,33
E01006957,2,,1,1,2,1,1,,2,,,,,11,21
E01006958,,,,2,1,,1,,2,,,,,5,11
E01006959,1,,,4,,4,1,,,,,,,8,18
E01006960,,,1,,,,,,,,,,1,2,4
E01006961,2,,1,2,1,,1,1,5,,1,,1,12,27
E01006962,2,,,2,3,1,,1,4,,,,,11,24
E01006963,,,,1,,,,,1,,,,,8,10
E01006964,1,,2,1,1,,1,1,4,,1,,1,16,29
E01006965,,,,2,2,,,,2,,,,1,5,12
E01006966,1,,1,5,,,,,1,,1,,,3,12
E01006967,1,1,1,1,4,,1,1,8,1,,,,15,34
E01006968,10,2,3,13,15,6,14,4,22,1,15,1,2,65,173
E01006969,2,,2,4,,,1,,6,,4,,1,8,28
E01006970,2,1,,1,1,,2,,1,1,1,,4,12,26
E01006971,3,,2,6,3,,1,1,4,,,,2,12,34
E01006972,,,,,2,,,,,,1,,1,2,6
E01006973,,,,,,,1,,1,,,,,3,5
E01006974,1,,,,,,,,,,,,1,6,8
E01006976,1,,,,,1,3,1,,1,,,2,1,10
E01006977,1,,1,2,1,,,,2,,,,1,9,17
E01006978,2,,,1,1,,,,,,,,1,5,10
E01006979,2,,1,2,,,,,3,,,,1,3,12
E01006980,,,,2,1,1,,,1,,,,1,14,20
E01006981,2,1,,3,1,1,,,1,,,,,8,17
E01006982,,,,,1,,1,,,,,,,3,5
E01006983,2,,,2,,,,,3,,,1,,4,12
E01006984,,,,1,,,1,,2,,,,,8,12
E01006985,,,,4,,1,2,,,,,,,4,11
E01006986,1,,,,1,,,,1,,,,,5,8
E01006988,1,,,1,,,,,,,,,,5,7
E01006989,,,1,,,,,,2,,,,,3,6
E01006991,,,,2,,,1,,1,,,,,3,7
E01006992,2,,1,,,,,,,,,,,4,7
E01006993,2,,,,1,,,,,,,,,1,4
E01006994,3,,1,3,1,,,,6,,,,2,13,29
E01006995,1,,,1,,1,1,,2,,,,1,1,8
E01006996,2,,,2,1,3,1,,2,1,,,1,15,28
E01006997,1,,,1,1,,,,1,,,,2,8,14
E01006998,,,,2,3,,,,,,,,,3,8
E01006999,3,1,4,4,1,,2,,4,,,,5,8,32
E01007000,1,1,,1,,,,,1,,,,,5,9
E01007001,1,,1,,1,,,,,,,,,9,12
E01007002,,,,1,1,,,,2,,,,,3,7
E01007003,,,,2,,,3,,3,,,,,12,20
E01007004,1,,,4,3,,,,,,,,,5,13
E01007005,1,,,3,,1,1,,5,,,,,4,15
E01007006,,,,4,1,2,1,,3,,,,1,19,31
E01007007,3,,1,9,3,1,1,,10,,9,,,16,53
E01007008,3,,,,1,,1,,,,,,1,7,13
E01007009,5,,1,8,4,1,3,2,16,2,12,1,2,27,84
E01007010,2,,,1,,1,,,3,1,,,2,12,22
E01007011,,,,2,1,,,,2,,,,,11,16
E01007012,2,,,,1,,1,,1,1,,,,11,17
E01007013,2,,1,2,1,3,2,,8,,,,,15,34
E01007014,,,,,,1,,1,1,,,,1,1,5
E01007016,3,,,1,3,1,1,,4,,2,,,10,25
E01007017,,,,1,,,,,4,,,,,15,20
E01007019,1,,,,,2,,,,,1,,1,5,10
E01007020,,,,,,,,1,,,,,,9,10
E01007021,,,,,1,,,,,,,,,,1
E01007022,,,,1,1,,1,,1,,,,,2,6
E01007023,1,,,,,,,,,,,1,,2,4
E01007024,1,,,,,,1,,1,,,,,3,6
E01007025,,,,,,,,,,,,,,1,1
E01007026,,,,,2,,2,,1,,,,,2,7
E01007027,2,,,1,,,1,,1,,,,,1,6
E01007028,,,,,,,2,,2,,,,,6,10
E01007029,,,,,,,,,,,,,,6,6
E01007030,,,,,,1,,,3,,,,,3,7
E01007031,,,,,,,,,2,,,,,2,4
E01007032,,,,,,,,,1,,,,,14,15
E01007033,,,,,,,,,,,3,,1,,4
E01007034,,,,,1,,,,2,,,,,5,8
E01007035,,,1,,,,1,,1,,,,,,3
E01007036,,,,,,,,,,,,,,1,1
E01007037,,,,,1,,1,2,1,,1,,,1,7
E01007038,1,,,2,2,1,,,,,1,,1,9,17
E01007039,,,,1,,,,,1,,,,1,2,5
E01007040,1,,1,3,1,,1,,2,,,,,8,17
E01007041,4,1,,1,1,1,1,,6,,12,,1,11,39
E01007042,1,,,,,,,,,1,,,1,4,7
E01007043,,,,,,,1,,1,,,,,1,3
E01007044,,1,,1,,,,,,,,,,,2
E01007045,1,,,,,1,,,,,,,,2,4
E01007046,1,,,2,,,,,,,,,1,6,10
E01007047,1,,,,,,,,1,,,,,9,11
E01007048,,,,5,2,1,1,,3,,,,,11,23
E01007049,,,,1,1,,,,2,,,,,2,6
E01007051,1,,,4,1,1,,,,1,,,,2,10
E01007052,2,,,3,,,,,2,,,,,7,14
E01007053,,,,,,1,2,,5,,,,,2,10
E01007054,2,,1,1,3,,,,1,1,,,,7,16
E01007055,3,2,,2,1,,,,4,,,,2,17,31
E01007056,1,,,1,,,,,2,,,,1,2,7
E01007057,,,1,1,,,,,,,,,2,,4
E01007058,,,,,2,1,,,3,,,,,6,12
E01007059,,,,2,,,2,,1,,,,,8,13
E01007060,3,,,3,,1,1,,4,,1,,1,9,23
E01007061,,,,,,,1,,,,1,,,2,4
E01007062,1,1,1,1,,,1,,1,,,,1,7,14
E01007063,2,,,,,,,1,2,,,,1,7,13
E01007064,,,1,,1,,,,2,,,,,1,5
E01007065,1,,,,,1,,,1,,,,,7,10
E01007066,1,,,1,,,,,3,,,,1,2,8
E01007067,1,,1,,,,,,1,,,,,1,4
E01007068,,,,,,,,,1,,,,,,1
E01007069,,,,,,,,,1,,,,,5,6
E01007070,,,,,,,,,,,,,,4,4
E01007071,,,,,,,,,,,,,3,2,5
E01007072,2,,,,1,,1,,2,,,,,1,7
E01007073,,,,,1,,,,,,,,1,1,3
E01007074,,,1,2,1,,,1,2,,,,,1,8
E01007075,1,,,1,4,,2,,2,,6,,,1,17
E01007076,,,,2,1,,1,,1,,,,2,7,14
E01007077,,,,,,,,,,,,,,2,2
E01007078,6,,,3,,,1,,2,,,,,3,15
E01007079,,1,1,,,,,,,,,,,1,3
E01007080,1,,,3,,1,,1,1,,,,,1,8
E01007081,6,,3,4,,,,,6,,1,,,10,30
E01007082,,,1,,1,,1,,,,,,1,,4
E01007083,1,,,,2,,,,,,,,2,2,7
E01007084,,,,2,4,,1,,6,,,,1,6,20
E01007085,,,,,4,,,,1,,,,,6,11
E01007086,1,,1,1,1,1,3,,,,,,,6,14
E01007087,2,,,2,,,,,1,,,,,9,14
E01007088,,3,,2,1,,8,,4,,6,1,,5,30
E01007089,3,,,2,5,,1,,4,1,3,,,4,23
E01007090,1,,,2,,,,,2,,,,2,2,9
E01007091,,,1,1,,,,,1,,,,,2,5
E01007092,4,,1,,2,,2,,3,,,,,5,17
E01007095,2,,,1,2,,1,,,,,,,4,10
E01007096,,,,,,,,,,,1,,,1,2
E01007097,1,,,1,,,,,2,,,,,4,8
E01007098,1,,,,,,,,1,,,,,1,3
E01007099,2,,,1,1,,1,,1,,,,,3,9
E01007100,,,,1,,,2,1,,,,,,2,6
E01007101,,,,1,,,1,,,,,,2,1,5
E01007102,3,,,,1,,,,1,,,,,2,7
E01007103,1,,,1,,,,,1,,,,,3,6
E01007104,,,,,,,1,,,,,,,3,4
E01007105,6,,3,1,3,1,,1,3,,,,,2,20
E01007106,1,,,3,2,,,,4,,,,1,5,16
E01007107,,,,,,,,,,,,,,2,2
E01007108,,1,,1,,,,,,,,,,2,4
E01007109,,,1,2,1,,1,,,,,,,6,11
E01007110,,,,,,,1,,,,,,,,1
E01007111,,,,,1,,,,,,,,,5,6
E01007112,2,,,4,,,,,3,,1,,,8,18
E01007113,,,,1,,,,,,,,,,4,5
E01007114,2,,,1,,,,,1,,,,,1,5
E01007115,3,1,,,,,1,,,,,,,6,11
E01007116,1,,,,1,,3,,2,,,,,3,10
E01007117,1,,,1,,,,,2,,,,,7,11
E01007118,,,,4,,,1,,11,,,,,9,25
E01007119,,,,1,2,1,,,2,,,,1,15,22
E01007120,5,,,1,1,,,,3,,,,,9,19
E01007121,8,,2,1,2,,4,,5,,1,,,9,32
E01007122,5,,,6,1,2,2,,9,,5,,,12,42
E01007123,5,,,4,,,,,1,,,,2,10,22
E01007124,2,,1,,,,,,3,1,,,,8,15
E01007125,2,,,2,,1,,,1,,,,,6,12
E01007126,21,4,1,15,15,1,9,,15,,2,,2,47,132
E01007127,5,1,,4,3,1,,1,13,,,,,27,55
E01007128,15,7,,10,8,,9,1,18,4,16,1,3,32,124
E01007129,2,,,,2,1,,,3,1,,1,2,12,24
E01007130,1,,,1,1,1,,1,2,,,1,,10,18
E01007131,3,,1,2,1,1,3,,6,,1,,,6,24
E01007133,5,,1,3,1,1,4,,8,,3,1,1,20,48
E01007135,6,2,,4,,,4,1,10,,3,,,7,37
E01007136,2,,,2,,1,1,,,,,,,3,9
E01007137,2,,2,1,1,,1,,8,,1,,,6,22
E01007138,9,,,1,,,,,3,,,,1,4,18
E01007139,10,,1,6,1,1,1,1,9,1,,,1,18,50
E01007140,4,1,1,3,,,3,,4,,,,,8,24
E01007141,3,,1,4,,1,1,,4,1,3,,,6,24
E01007142,3,,,4,,,,,6,,1,,1,6,21
E01007143,5,1,,1,,,,,7,,6,,1,6,27
E01007144,1,,,1,,1,2,,3,,,,,6,14
E01007145,,,,,,,,,1,,,,,,1
E01007146,,,1,,,,,,,,,,,1,2
E01007147,,,,,,,,,,,,,,1,1
E01007148,,,,,,,,,1,,,,,1,2
E01007149,1,,,,,,,,,,,,,,1
E01007150,,,,,,,,,,,,,,1,1
E01007151,,,,1,,,1,,,,,,,3,5
E01007152,3,,,,,,2,,3,,,,,2,10
E01007153,,,,,,1,,,,,,,,3,4
E01007154,,,,,1,,,,,,,,,1,2
E01007155,7,,4,4,6,,2,,4,1,,,2,22,52
E01007156,1,1,1,,1,,1,,4,1,2,,,8,20
E01007157,,,1,2,,,,,1,,,,,2,6
E01007158,,,,,,,,,,,,,1,1,2
E01007159,2,,,2,,1,,,1,,,,1,2,9
E01007160,,,,,1,,1,,1,,,,1,4,8
E01007161,1,,4,2,1,,,1,3,,,,1,6,19
E01007162,3,,,3,,1,1,,5,,,,,9,22
E01007163,,1,1,,,,2,,1,,,,,7,12
E01007164,2,,,,3,,,,2,,,,,3,10
E01007166,,,,,,,,,,1,,,,4,5
E01007167,1,,1,2,,,1,1,2,,,,,6,14
E01007168,,,,,,2,1,,4,,,,,7,14
E01007169,,,,1,,,5,,,,,,,7,13
E01007170,1,,,1,,,1,,3,,,,,2,8
E01007171,1,,,,,,,,1,,,,,4,6
E01007173,,,,1,,,,,4,,,,,8,13
E01007174,,,1,1,,,,,,,,,,6,8
E01007175,,,1,1,1,,3,,,1,,,,6,13
E01007176,6,,,3,,,3,1,3,,,,1,11,28
E01007177,1,,,1,,,1,,1,,,,,2,6
E01007178,,,,,1,,,,,1,1,,,3,6
E01007179,,,,,1,,,,,,,,1,1,3
E01007180,,,1,2,,,,,,,,,,6,9
E01007181,,,,,1,,1,,1,,,,,6,9
E01007182,,,,1,,,1,,4,,1,,,3,10
E01007183,,,,,,,,,1,,,,,,1
E01007184,,,,3,,,,,2,,,,,2,7
E01007185,,,,,,1,,,,,,,1,2,4
E01007186,,,,,,,,,,,,,,1,1
E01007187,,,,1,,,,,1,,,,,4,6
E01007188,,,,,1,,,,1,,,,,2,4
E01007189,,,,,,,3,,,,,,1,1,5
E01007190,1,,,,,,,,,,,,,2,3
E01007191,1,,,,,,,,,,,,,,1
E01007192,,,1,1,,,,,,,,,,,2
E01007193,3,,1,,,,,,2,,,,,4,10
E01007194,2,,,,,,,,2,,,,,,4
E01007195,,,,,,,,,1,,,,,,1
E01007196,1,1,1,1,2,,,,1,,,,,1,8
E01007197,,1,,1,1,,1,,1,,,,,1,6
E01007198,8,2,2,2,1,,,1,6,1,4,,,6,33
E01007199,1,,,1,,,,,,,,,,,2
E01007200,,,,1,,,,,,,,,,1,2
E01007201,1,,1,3,,,3,,,,,,,4,12
E01007202,2,1,1,4,,,,,1,,1,,1,,11
E01007203,2,,,,,,,,,,,,,4,6
E01007204,5,,2,1,,1,,1,7,,,,1,9,27
E01007205,3,,,1,,1,,,3,,,,1,9,18
E01007206,2,,,1,,,1,1,2,,1,,,4,12
E01007207,1,,,1,,,2,,2,,,,,9,15
E01007208,2,,,,,,,,3,,,,1,7,13
E01007209,2,,1,3,,1,,,5,,,,,4,16
E01007210,2,,1,1,,1,1,,7,1,,,,12,26
E01007211,1,,1,,,,1,,,,,,,6,9
E01007212,,1,,2,,,,,1,,,,,1,5
E01007213,,,,,,1,,,1,,,,,4,6
E01007214,2,,,2,,,,,3,,1,,1,3,12
E01007215,5,,1,3,4,,1,,4,,1,,,13,32
E01007216,,,1,2,1,1,1,,5,,,,,12,23
E01007217,2,1,1,2,1,,3,,6,,,,,8,24
E01007218,,,,,2,,,,1,,,,,6,9
E01007219,1,,,1,,1,,,,,,,2,4,9
E01007220,7,,1,3,1,,1,,3,,,,,8,24
E01007221,1,,,1,1,,1,,,,,,,4,8
E01007222,,,,1,1,,1,,,,,,,5,8
E01007223,,,,,,1,1,,,,,,1,1,4
E01007224,5,,,2,,,1,,2,,3,,,1,14
E01007225,,,,,,,,,1,,,,,1,2
E01007227,,,,4,,,,,1,1,,,,5,11
E01007228,1,1,,1,,,,,2,,,,1,3,9
E01007229,,,,2,,,,,2,,,,,1,5
E01007230,8,,,,1,1,,,4,,,,1,4,19
E01007231,2,,,3,,,,,2,,,,,1,8
E01007232,,,,1,,,,,2,,,,1,4,8
E01007233,,,,1,2,1,1,,2,,1,,,10,18
E01007234,1,,,,,1,1,,1,,,,,2,6
E01007235,5,,2,2,,,1,,4,,,,,6,20
E01007236,1,,,,,,,,,,,,,2,3
E01007237,10,1,,3,,,1,,9,,3,,1,10,38
E01007238,3,,1,2,1,,1,,4,,,,1,20,33
E01007239,5,,,2,3,,,,6,,,,1,15,32
E01007240,1,,,,,1,,,,1,,,,8,11
E01007241,1,,1,,,,,,1,,,,,2,5
E01007242,1,,1,,,,,,,,,,1,1,4
E01007243,,,,,,,,,3,,,,,2,5
E01007244,,,,,1,,1,,2,,,,1,12,17
E01007245,1,1,,,,,1,,3,,2,,2,2,12
E01007246,,,,1,,,,,,,,,,1,2
E01007248,,,,2,,,,,2,,1,,,2,7
E01007249,5,,1,1,,1,2,,2,,,,,6,18
E01007250,1,,,,,,,,1,,,,,,2
E01007251,7,,1,2,,1,1,,5,,,,,10,27
E01007252,1,,,,1,,2,,2,,,,,2,8
E01007253,,,,,,1,,,2,,,,,5,8
E01007254,1,,1,1,,,,,,,,,,2,5
E01007255,,,,,1,,,,2,,,,,13,16
E01007256,,,,,,,3,,1,,,,,,4
E01007257,2,,,,,,,,3,,,,1,8,14
E01007258,1,,,,,,,,,,,,,,1
E01007259,,,,,,,,,,,,,1,,1
E01007260,,,,,1,,,,1,,,,,5,7
E01007261,1,,,,1,,,,1,,,,1,,4
E01007262,1,,,,1,,,,,,,,,,2
E01007263,,,,2,,1,,,1,,,,,12,16
E01007264,,,,,,,,,2,,,,,,2
E01007265,,,,1,,,,,,,,,,,1
E01007266,6,,,2,1,,,,2,,,,,3,14
E01007267,2,,,1,,,,,,,,,,1,4
E01007268,1,,,,1,,1,,,,,,1,1,5
E01007269,3,,,1,2,,2,,6,,,,1,13,28
E01007270,15,,1,4,1,,1,,6,,,,,7,35
E01007271,,,2,,2,,,,3,,,,1,3,11
E01007272,,,,1,2,,3,,2,1,1,,,8,18
E01007273,4,,,3,2,,1,,6,,,,,12,28
E01007274,1,1,,2,8,2,2,,9,,1,,1,16,43
E01007275,10,,,7,2,1,1,1,7,,,,,14,43
E01007276,1,,,5,,,,,5,,,,1,6,18
E01007277,,,,3,1,,2,,6,1,,,3,12,28
E01007278,3,,4,4,3,1,2,,4,,,,,10,31
E01007279,2,,,1,,1,1,,,,,,1,3,9
E01007280,,,,1,,,,,,,,,,2,3
E01007281,1,,,,,,1,,3,,,,,5,10
E01007282,1,,,,3,,,,,,,,,2,6
E01007283,3,,,1,1,,1,,,,,,,,6
E01007284,2,,,2,,,1,,2,,,,,2,9
E01007285,1,,1,1,1,,1,,,,,,1,1,7
E01007286,1,,2,,,,,,,,,,,2,5
E01007287,1,,,,,,,,3,,,,,,4
E01007288,,,,,,,1,,,,,,,2,3
E01007289,,,,1,1,,2,,14,,,,,14,32
E01007290,5,,,3,2,2,4,1,9,,,,,12,38
E01007291,11,,1,1,4,,2,,7,,5,,,16,47
E01007292,,,1,4,,,1,,4,,3,,,12,25
E01007293,5,,,3,4,,3,,6,,5,1,,17,44
E01007294,1,,,4,1,,2,,4,,,,,12,24
E01007295,5,,1,2,1,,1,,2,,,,2,11,25
E01007296,8,,,1,3,,,,4,,1,,1,12,30
E01007297,,,,1,,,2,,1,,,1,,11,16
E01007298,,,,,,,,,,,,,1,1,2
E01007299,,,,1,,,,,2,,,,,,3
E01007300,,,,1,,,,,5,,,,,6,12
E01007301,1,,,1,,,1,,1,,,,,7,11
E01007302,5,,,1,2,,2,,6,,2,,,3,21
E01007303,2,,,3,2,3,,,5,,,,,4,19
E01007304,6,,,3,,,1,,4,,,,,12,26
E01007305,1,,,1,,,,,1,,,,,8,11
E01007306,,,,,,,,,1,,,,1,1,3
E01007307,3,,,2,,1,,,1,,,,1,1,9
E01007308,4,,,,,,1,,,,,,,4,9
E01007309,1,,,,2,,,1,,,,,,2,6
E01007310,,,,,,,1,,,,,,,1,2
E01007311,,,,,,,,1,1,,,,1,2,5
E01007312,,,,1,,,1,,1,,,,,3,6
E01007313,3,,,,1,,2,,1,,3,,,4,14
E01007314,,1,,,,,,,,,3,,1,3,8
E01007315,1,,,,,,,,1,,,,1,5,8
E01007316,,,2,,,,,,2,,,,,1,5
E01012391,,,,,,,,,1,,,,,,1
E01012393,1,,,,,,,,,,,,,,1
E01012401,,,,,,,,,,,,,,1,1
E01018570,,,,,,,,,2,,,,,,2
E01025495,,,,,,,,,1,,,,,1,2
E01032505,4,,,2,2,,,,4,,,,,3,15
E01032506,2,,,1,,1,1,,2,,1,,1,1,10
E01032507,1,,,,,,,,,,,,,2,3
E01032508,9,,,6,7,,1,,9,,3,,2,10,47
E01032509,2,2,1,,2,1,3,,8,1,9,,,12,41
E01032510,,,,,2,1,1,,4,,,,,3,11
E01032511,3,,,1,,1,,,,,,,,4,9
E01032903,5,,,9,10,1,2,,13,,,,1,20,61
E01032904,,,,,1,,,,,,,,,2,3
E01032905,2,,,3,,1,,,1,,1,,1,8,17
E01033094,2,,,2,2,,2,,10,,,1,2,22,43
E01033095,2,,,2,3,1,,,1,,2,,,10,21
E01033096,4,,,8,,,1,2,4,,,,,8,27
E01033097,1,,2,1,3,1,3,,3,,,,,15,29
E01033228,2,,2,2,2,1,1,,6,,1,,1,19,37
E01033747,4,,,1,,1,,,5,,,,2,14,27
E01033748,,,,1,3,,1,,2,,,,,5,12
E01033749,1,,,,3,,,,,1,,,,4,9
E01033750,16,1,1,4,3,,4,,6,,,,,10,45
E01033751,,1,1,3,2,,,,2,,3,,5,9,26
E01033752,8,,3,14,11,2,12,1,15,1,2,2,32,36,139
E01033753,4,,,3,,,2,,,,2,,1,15,27
E01033754,11,1,1,2,5,,4,,9,,1,1,2,10,47
E01033755,8,,,5,1,1,1,,4,,,,3,6,29
E01033756,10,3,3,8,48,6,36,3,34,5,31,37,1,111,336
E01033757,,,1,1,,,1,,,,1,,,4,8
E01033758,2,,1,2,1,,4,,6,1,4,,1,13,35
E01033759,,,2,3,,2,,,5,,2,1,1,14,30
E01033760,26,4,9,13,28,2,44,4,75,6,38,32,3,143,427
E01033761,3,,,2,18,,10,1,9,1,1,12,1,29,87
E01033762,6,3,,7,8,3,5,1,11,,,1,2,16,63
E01033763,2,,,3,1,,2,,6,,1,,,12,27
E01033764,11,,3,5,11,5,7,1,13,,11,1,1,25,94
E01033765,2,,2,2,,,1,,2,,,,,5,14
E01033766,,,,,,,,,1,,,,,2,3
E01033767,,,,,1,1,2,,,,,,,1,5
E01033768,1,3,,,2,,1,,3,,,,,12,22
